{
    "audio_midi_cqt5_ps_v5": {
        "data": [
            0.6586683353798878,
            0.7202450955070214,
            0.6486912215651773,
            0.6534885756859315,
            0.655812888694836
        ],
        "mean": 0.6673812233665708,
        "std": 0.02977688528348004
    },
    "audio_midi_cqt5era_v1": {
        "data": [
            0.6930087683484881,
            0.6879208542835182,
            0.6855829496241485,
            0.6341872253492162,
            0.7078112692851845
        ],
        "mean": 0.6817022133781111,
        "std": 0.027932627344937375
    },
    "audio_midi_cqt5multiranking_v10": {
        "data": [
            0.6907039332182539,
            0.7249510562683583,
            0.665679181100074,
            0.63682902642723,
            0.6750228891017445
        ],
        "mean": 0.6786372172231321,
        "std": 0.03247874769590158
    },
    "audio_midi_multi_ps_v5": {
        "data": [
            0.6823929769001473,
            0.6357483627893328,
            0.6458088606224449,
            0.595448959134557,
            0.6824682912579239
        ],
        "mean": 0.6483734901408812,
        "std": 0.03635504810209856
    },
    "audio_midi_pianoroll_ps_5_v4": {
        "data": [
            0.6286725538244404,
            0.6497969290467899,
            0.6911692780212663,
            0.5943996775879296,
            0.6228739140062197
        ],
        "mean": 0.6373824704973292,
        "std": 0.035989654037271765
    },
    "audio_midi_pr5era_v1": {
        "data": [
            0.5871419952545044,
            0.6059209247591487,
            0.6566797930900653,
            0.6759568426523198,
            0.6612560146341199
        ],
        "mean": 0.6373911140780316,
        "std": 0.03854947728359688
    },
    "audio_midi_pr5multiranking_v10": {
        "data": [
            0.6126797043931969,
            0.6499669184150022,
            0.6213478683851134,
            0.6495209294616987,
            0.6976785692196267
        ],
        "mean": 0.6462387979749276,
        "std": 0.03322834811080585
    }
}