{
    "audio_midi_cqt5_ps_v5": {
        "data": [
            0.8141853010310431,
            0.8105662874672398,
            0.8167647618164204,
            0.8222341389908296,
            0.8229762707991602
        ],
        "mean": 0.8173453520209386,
        "std": 0.0052888138507477
    },
    "audio_midi_cqt5era_v1": {
        "data": [
            0.8117095834272815,
            0.8235370206386866,
            0.8032148974502875,
            0.8119836541466634,
            0.8068666893455554
        ],
        "mean": 0.8114623690016949,
        "std": 0.0076692751258254244
    },
    "audio_midi_cqt5multiranking_v10": {
        "data": [
            0.808694717925833,
            0.8179938886899729,
            0.8185349305321927,
            0.8105878041252005,
            0.8284129317606413
        ],
        "mean": 0.8168448546067681,
        "std": 0.007803403963060596
    },
    "audio_midi_multi_ps_v5": {
        "data": [
            0.8613004632464837,
            0.8371752836834427,
            0.8436713637960616,
            0.8496491159340137,
            0.8439151163514955
        ],
        "mean": 0.8471422686022995,
        "std": 0.009062853294129852
    },
    "audio_midi_pianoroll_ps_5_v4": {
        "data": [
            0.8446685076231241,
            0.843853997245674,
            0.8372205513919272,
            0.853578648552387,
            0.8595630625820642
        ],
        "mean": 0.8477769534790353,
        "std": 0.008790075081951138
    },
    "audio_midi_pr5era_v1": {
        "data": [
            0.8318869465147732,
            0.8273768707115438,
            0.8567324921651372,
            0.849517496080113,
            0.8324158672977703
        ],
        "mean": 0.8395859345538675,
        "std": 0.012770922768688277
    },
    "audio_midi_pr5multiranking_v10": {
        "data": [
            0.8490732469072275,
            0.8364015729377391,
            0.8501691525333012,
            0.8387085125438045,
            0.8138695899090654
        ],
        "mean": 0.8376444149662275,
        "std": 0.014623666752226783
    }
}