{
    "audio_midi_cqt5_ps_v5": {
        "acc": [
            0.36363636363636365,
            0.38181818181818183,
            0.4181818181818182,
            0.3454545454545455,
            0.38181818181818183
        ],
        "mse": [
            1.6545454545454545,
            1.3454545454545455,
            1.6545454545454545,
            1.6181818181818182,
            1.6
        ],
        "tau_c": [
            0.8119100663806698,
            0.831359235900206,
            0.8123792682810017,
            0.8128516555022902,
            0.8163117500207969
        ]
    },
    "audio_midi_cqt5era_v1": {
        "acc": [
            0.38181818181818183,
            0.3090909090909091,
            0.43636363636363634,
            0.38181818181818183,
            0.38181818181818183
        ],
        "mse": [
            1.6181818181818182,
            1.709090909090909,
            1.2545454545454546,
            1.6363636363636362,
            1.6
        ],
        "tau_c": [
            0.8017693992100635,
            0.8149294522800545,
            0.8383136457751631,
            0.8035877042379949,
            0.8171379331805425
        ]
    },
    "audio_midi_cqt5multiranking_v10": {
        "acc": [
            0.4,
            0.4181818181818182,
            0.5272727272727272,
            0.4727272727272727,
            0.43636363636363634
        ],
        "mse": [
            1.5272727272727273,
            1.1636363636363636,
            1.5272727272727273,
            1.2,
            1.5272727272727273
        ],
        "tau_c": [
            0.8131156281817417,
            0.8445095688241709,
            0.839357549251108,
            0.8479508148847972,
            0.8343517469701092
        ]
    },
    "audio_midi_multi_ps_v5": {
        "acc": [
            0.43636363636363634,
            0.5272727272727272,
            0.36363636363636365,
            0.36363636363636365,
            0.41818181818181815
        ],
        "mse": [
            0.9454545454545454,
            0.9636363636363636,
            0.9636363636363636,
            1.0181818181818183,
            0.9090909090909091
        ],
        "tau_c": [
            0.8663038050711903,
            0.8659878087794185,
            0.8588497630819913,
            0.8527701373043979,
            0.8650002689342895
        ]
    },
    "audio_midi_pianoroll_ps_5_v4": {
        "acc": [
            0.43636363636363634,
            0.38181818181818183,
            0.4,
            0.38181818181818183,
            0.49090909090909096
        ],
        "mse": [
            1.0,
            0.9454545454545454,
            1.0363636363636364,
            1.2727272727272727,
            0.9636363636363636
        ],
        "tau_c": [
            0.8544372947401616,
            0.8596603772405987,
            0.8625169268867819,
            0.8266418256025969,
            0.8648731714040814
        ]
    },
    "audio_midi_pr5era_v1": {
        "acc": [
            0.43636363636363634,
            0.36363636363636365,
            0.4,
            0.45454545454545453,
            0.39999999999999997
        ],
        "mse": [
            1.4,
            1.2,
            1.0363636363636364,
            1.0545454545454545,
            1.0909090909090908
        ],
        "tau_c": [
            0.8275154989194193,
            0.8510968156742004,
            0.8591675613400764,
            0.8793858803888195,
            0.8454607607754168
        ]
    },
    "audio_midi_pr5multiranking_v10": {
        "acc": [
            0.29090909090909095,
            0.4727272727272727,
            0.5636363636363636,
            0.43636363636363634,
            0.4181818181818182
        ],
        "mse": [
            1.1818181818181819,
            1.018181818181818,
            0.8909090909090909,
            1.0545454545454547,
            1.0909090909090908
        ],
        "tau_c": [
            0.8342642187691117,
            0.8687516398630313,
            0.8818412340144575,
            0.8487928260875365,
            0.8494376912294588
        ]
    }
}