{
    "audio_midi_cqt5_ps_v5": {
        "acc": [
            0.3745246704096657,
            0.35570983846374643,
            0.38489378537294777,
            0.36561411734466914,
            0.3516404178067503
        ],
        "mse": [
            1.3428984541276465,
            1.3454333151668332,
            1.501646316282304,
            1.4598769556398705,
            1.5218570010145247
        ],
        "tau_c": [
            0.8229762707991602,
            0.8222341389908296,
            0.8167647618164204,
            0.8105662874672398,
            0.8141853010310431
        ]
    },
    "audio_midi_cqt5era_v1": {
        "acc": [
            0.39202664315633484,
            0.34302297804047815,
            0.3665597804145017,
            0.39024565960879953,
            0.3362179280849612
        ],
        "mse": [
            1.520541722263689,
            1.661023259314206,
            1.4217398755447412,
            1.5219155605415216,
            1.659088508346054
        ],
        "tau_c": [
            0.8119836541466634,
            0.8032148974502875,
            0.8235370206386866,
            0.8117095834272815,
            0.8068666893455554
        ]
    },
    "audio_midi_cqt5multiranking_v10": {
        "acc": [
            0.3595966228218829,
            0.3505727687585327,
            0.3568502257662718,
            0.39749480264573267,
            0.3245484934566957
        ],
        "mse": [
            1.4855272584141324,
            1.478661647935302,
            1.7158105642951178,
            1.315564571829219,
            1.4804728756307932
        ],
        "tau_c": [
            0.8179938886899729,
            0.8105878041252005,
            0.808694717925833,
            0.8284129317606413,
            0.8185349305321927
        ]
    },
    "audio_midi_multi_ps_v5": {
        "acc": [
            0.43678181072833255,
            0.4487966560852001,
            0.4213539281891606,
            0.4115503356967059,
            0.43867717410367335
        ],
        "mse": [
            1.1337121503101284,
            1.3174139136722525,
            1.1682356744865952,
            1.151382253561119,
            0.9845571526281061
        ],
        "tau_c": [
            0.8496491159340137,
            0.8371752836834427,
            0.8439151163514955,
            0.8436713637960616,
            0.8613004632464837
        ]
    },
    "audio_midi_pianoroll_ps_5_v4": {
        "acc": [
            0.45105809850467016,
            0.4238406748347509,
            0.4210816436272426,
            0.40741605344764087,
            0.457822342086029
        ],
        "mse": [
            1.1421766917815628,
            1.1306649337353563,
            1.259218019615368,
            1.3030545555582909,
            1.0764615748533186
        ],
        "tau_c": [
            0.853578648552387,
            0.843853997245674,
            0.8446685076231241,
            0.8372205513919272,
            0.8595630625820642
        ]
    },
    "audio_midi_pr5era_v1": {
        "acc": [
            0.43678852457453454,
            0.3991644723084921,
            0.4502630755868216,
            0.4688453975734996,
            0.39726587496120835
        ],
        "mse": [
            1.354485915260792,
            1.2919986363350884,
            1.0872382839951316,
            1.04854168717609,
            1.3176195607239936
        ],
        "tau_c": [
            0.8273768707115438,
            0.8318869465147732,
            0.849517496080113,
            0.8567324921651372,
            0.8324158672977703
        ]
    },
    "audio_midi_pr5multiranking_v10": {
        "acc": [
            0.41385561419490435,
            0.46793665892442654,
            0.45874020318065667,
            0.39792922061323316,
            0.43740005285540184
        ],
        "mse": [
            1.2028487826195777,
            1.1411877908224106,
            1.1115141680869218,
            1.5030481668283007,
            1.2316642740836938
        ],
        "tau_c": [
            0.8387085125438045,
            0.8490732469072275,
            0.8501691525333012,
            0.8138695899090654,
            0.8364015729377391
        ]
    }
}